Date,Price
3 Jan 2017,0.0485300
4 Jan 2017,0.0475400
5 Jan 2017,0.0478100
6 Jan 2017,0.0481100
9 Jan 2017,0.0455400
10 Jan 2017,0.0479100
11 Jan 2017,0.0470600
12 Jan 2017,0.0492600
13 Jan 2017,0.0496800
16 Jan 2017,0.0496800
17 Jan 2017,0.0498100
18 Jan 2017,0.0481900
19 Jan 2017,0.0491500
20 Jan 2017,0.0469700
23 Jan 2017,0.0476400
24 Jan 2017,0.0482000
25 Jan 2017,0.0489400
26 Jan 2017,0.0496900
27 Jan 2017,0.0491100
30 Jan 2017,0.0472700
31 Jan 2017,0.0455900
1 Feb 2017,0.0463300
2 Feb 2017,0.0466100
3 Feb 2017,0.0447900
6 Feb 2017,0.0446000
7 Feb 2017,0.0457700
8 Feb 2017,0.0457500
9 Feb 2017,0.0459800
10 Feb 2017,0.0446600
13 Feb 2017,0.0434800
14 Feb 2017,0.0431500
15 Feb 2017,0.0435500
16 Feb 2017,0.0425600
17 Feb 2017,0.0422500
20 Feb 2017,0.0422500
21 Feb 2017,0.0389600
22 Feb 2017,0.0388900
23 Feb 2017,0.0394800
24 Feb 2017,0.0401200
27 Feb 2017,0.0388700
28 Feb 2017,0.0401400
1 Mar 2017,0.0406900
2 Mar 2017,0.0407600
3 Mar 2017,0.0411100
6 Mar 2017,0.0417300
7 Mar 2017,0.0408500
8 Mar 2017,0.0416900
9 Mar 2017,0.0426000
10 Mar 2017,0.0429900
13 Mar 2017,0.0434500
14 Mar 2017,0.0418600
15 Mar 2017,0.0425100
16 Mar 2017,0.0414900
17 Mar 2017,0.0420100
20 Mar 2017,0.0433200
21 Mar 2017,0.0441200
22 Mar 2017,0.0429700
23 Mar 2017,0.0437800
24 Mar 2017,0.0440900
27 Mar 2017,0.0437800
28 Mar 2017,0.0444200
29 Mar 2017,0.0451800
30 Mar 2017,0.0446200
31 Mar 2017,0.0446000
3 Apr 2017,0.0437400
4 Apr 2017,0.0460400
5 Apr 2017,0.0456700
6 Apr 2017,0.0465700
7 Apr 2017,0.0455900
10 Apr 2017,0.0452800
11 Apr 2017,0.0440900
12 Apr 2017,0.0445800
13 Apr 2017,0.0451700
17 Apr 2017,0.0445100
18 Apr 2017,0.0443400
19 Apr 2017,0.0448600
20 Apr 2017,0.0445400
21 Apr 2017,0.0437500
24 Apr 2017,0.0433900
25 Apr 2017,0.0434800
26 Apr 2017,0.0448200
27 Apr 2017,0.0444100
28 Apr 2017,0.0448600
1 May 2017,0.0440500
2 May 2017,0.0438000
3 May 2017,0.0442700
4 May 2017,0.0437600
5 May 2017,0.0448100
8 May 2017,0.0435700
9 May 2017,0.0443400
10 May 2017,0.0452100
11 May 2017,0.0462900
12 May 2017,0.0467900
15 May 2017,0.0458700
16 May 2017,0.0443400
17 May 2017,0.0439100
18 May 2017,0.0438700
19 May 2017,0.0448500
22 May 2017,0.0458000
23 May 2017,0.0443000
24 May 2017,0.0441400
25 May 2017,0.0438000
26 May 2017,0.0442700
29 May 2017,0.0442700
30 May 2017,0.0420600
31 May 2017,0.0410700
1 Jun 2017,0.0402300
2 Jun 2017,0.0401100
5 Jun 2017,0.0398800
6 Jun 2017,0.0406800
7 Jun 2017,0.0403900
8 Jun 2017,0.0404900
9 Jun 2017,0.0406000
12 Jun 2017,0.0403700
13 Jun 2017,0.0395100
14 Jun 2017,0.0390500
15 Jun 2017,0.0407300
16 Jun 2017,0.0405100
19 Jun 2017,0.0386800
20 Jun 2017,0.0389200
21 Jun 2017,0.0387400
22 Jun 2017,0.0387200
23 Jun 2017,0.0392000
26 Jun 2017,0.0404500
27 Jun 2017,0.0406600
28 Jun 2017,0.0410300
29 Jun 2017,0.0403700
30 Jun 2017,0.0402900
3 Jul 2017,0.0392500
4 Jul 2017,0.0392500
5 Jul 2017,0.0377100
6 Jul 2017,0.0382900
7 Jul 2017,0.0379700
10 Jul 2017,0.0388700
11 Jul 2017,0.0403800
12 Jul 2017,0.0395400
13 Jul 2017,0.0391800
14 Jul 2017,0.0394900
17 Jul 2017,0.0399700
18 Jul 2017,0.0408500
19 Jul 2017,0.0406100
20 Jul 2017,0.0403100
21 Jul 2017,0.0393600
24 Jul 2017,0.0383100
25 Jul 2017,0.0389600
26 Jul 2017,0.0387300
27 Jul 2017,0.0394400
28 Jul 2017,0.0390900
31 Jul 2017,0.0371400
1 Aug 2017,0.0374700
2 Aug 2017,0.0373600
3 Aug 2017,0.0372200
4 Aug 2017,0.0368700
7 Aug 2017,0.0372300
8 Aug 2017,0.0374900
9 Aug 2017,0.0382400
10 Aug 2017,0.0394100
11 Aug 2017,0.0393300
14 Aug 2017,0.0392100
15 Aug 2017,0.0389700
16 Aug 2017,0.0385200
17 Aug 2017,0.0390300
18 Aug 2017,0.0385600
21 Aug 2017,0.0392200
22 Aug 2017,0.0389300
23 Aug 2017,0.0388800
24 Aug 2017,0.0391300
25 Aug 2017,0.0384100
28 Aug 2017,0.0388400
29 Aug 2017,0.0391300
30 Aug 2017,0.0386300
31 Aug 2017,0.0397600
1 Sep 2017,0.0402000
4 Sep 2017,0.0402000
5 Sep 2017,0.0390200
6 Sep 2017,0.0393400
7 Sep 2017,0.0391300
8 Sep 2017,0.0380000
11 Sep 2017,0.0387000
12 Sep 2017,0.0393100
13 Sep 2017,0.0399600
14 Sep 2017,0.0400800
15 Sep 2017,0.0395400
18 Sep 2017,0.0409500
19 Sep 2017,0.0406900
20 Sep 2017,0.0403600
21 Sep 2017,0.0385400
22 Sep 2017,0.0387200
25 Sep 2017,0.0383000
26 Sep 2017,0.0384500
27 Sep 2017,0.0392300
28 Sep 2017,0.0386700
29 Sep 2017,0.0385400
2 Oct 2017,0.0373700
3 Oct 2017,0.0371000
4 Oct 2017,0.0376800
5 Oct 2017,0.0374600
6 Oct 2017,0.0366900
9 Oct 2017,0.0363200
10 Oct 2017,0.0369900
11 Oct 2017,0.0369200
12 Oct 2017,0.0378200
13 Oct 2017,0.0380500
16 Oct 2017,0.0375400
17 Oct 2017,0.0377800
18 Oct 2017,0.0371500
19 Oct 2017,0.0374300
20 Oct 2017,0.0377000
23 Oct 2017,0.0381500
24 Oct 2017,0.0378900
25 Oct 2017,0.0372600
26 Oct 2017,0.0369300
27 Oct 2017,0.0360800
30 Oct 2017,0.0360600
31 Oct 2017,0.0352000
1 Nov 2017,0.0350900
2 Nov 2017,0.0354900
3 Nov 2017,0.0360300
6 Nov 2017,0.0376000
7 Nov 2017,0.0378200
8 Nov 2017,0.0380600
9 Nov 2017,0.0383500
10 Nov 2017,0.0384600
13 Nov 2017,0.0379400
14 Nov 2017,0.0372600
15 Nov 2017,0.0369800
16 Nov 2017,0.0366800
17 Nov 2017,0.0371200
20 Nov 2017,0.0365300
21 Nov 2017,0.0361800
22 Nov 2017,0.0355800
23 Nov 2017,0.0355800
24 Nov 2017,0.0339200
27 Nov 2017,0.0351000
28 Nov 2017,0.0363900
29 Nov 2017,0.0369800
30 Nov 2017,0.0351900
1 Dec 2017,0.0356100
4 Dec 2017,0.0347200
5 Dec 2017,0.0339000
6 Dec 2017,0.0339900
7 Dec 2017,0.0321400
8 Dec 2017,0.0322400
11 Dec 2017,0.0328600
12 Dec 2017,0.0311400
13 Dec 2017,0.0315400
14 Dec 2017,0.0312400
15 Dec 2017,0.0304500
18 Dec 2017,0.0317300
19 Dec 2017,0.0310900
20 Dec 2017,0.0303800
21 Dec 2017,0.0298500
22 Dec 2017,0.0305900
26 Dec 2017,0.0306900
27 Dec 2017,0.0314900
28 Dec 2017,0.0335800
29 Dec 2017,0.0339000
2 Jan 2018,0.0346900
3 Jan 2018,0.0342000
4 Jan 2018,0.0328200
5 Jan 2018,0.0320300
8 Jan 2018,0.0323400
9 Jan 2018,0.0332800
10 Jan 2018,0.0329300
11 Jan 2018,0.0341300
12 Jan 2018,0.0349200
15 Jan 2018,0.0349200
16 Jan 2018,0.0345600
17 Jan 2018,0.0352800
18 Jan 2018,0.0348700
19 Jan 2018,0.0343200
22 Jan 2018,0.0342000
23 Jan 2018,0.0354600
24 Jan 2018,0.0359400
25 Jan 2018,0.0361600
26 Jan 2018,0.0370500
29 Jan 2018,0.0369600
30 Jan 2018,0.0372800
31 Jan 2018,0.0349500
1 Feb 2018,0.0333300
2 Feb 2018,0.0332100
5 Feb 2018,0.0320600
6 Feb 2018,0.0322000
7 Feb 2018,0.0315300
8 Feb 2018,0.0314800
9 Feb 2018,0.0303300
12 Feb 2018,0.0300700
13 Feb 2018,0.0305600
14 Feb 2018,0.0306100
15 Feb 2018,0.0305300
16 Feb 2018,0.0303100
19 Feb 2018,0.0303100
20 Feb 2018,0.0308400
21 Feb 2018,0.0311600
22 Feb 2018,0.0311400
23 Feb 2018,0.0309300
26 Feb 2018,0.0312200
27 Feb 2018,0.0312300
28 Feb 2018,0.0310500
1 Mar 2018,0.0314300
2 Mar 2018,0.0314100
5 Mar 2018,0.0315300
6 Mar 2018,0.0320000
7 Mar 2018,0.0323200
8 Mar 2018,0.0321000
9 Mar 2018,0.0317800
12 Mar 2018,0.0322500
13 Mar 2018,0.0323600
14 Mar 2018,0.0317800
15 Mar 2018,0.0312400
16 Mar 2018,0.0312900
19 Mar 2018,0.0308500
20 Mar 2018,0.0311500
21 Mar 2018,0.0307200
22 Mar 2018,0.0306000
23 Mar 2018,0.0303300
26 Mar 2018,0.0306100
27 Mar 2018,0.0312700
28 Mar 2018,0.0310900
29 Mar 2018,0.0314900
30 Mar 2018,0.0314900
2 Apr 2018,0.0309200
3 Apr 2018,0.0310800
4 Apr 2018,0.0313200
5 Apr 2018,0.0308300
6 Apr 2018,0.0311300
9 Apr 2018,0.0310000
10 Apr 2018,0.0306000
11 Apr 2018,0.0307500
12 Apr 2018,0.0308100
13 Apr 2018,0.0313000
16 Apr 2018,0.0315500
17 Apr 2018,0.0314200
18 Apr 2018,0.0314100
19 Apr 2018,0.0306200
20 Apr 2018,0.0313400
23 Apr 2018,0.0313900
24 Apr 2018,0.0318000
25 Apr 2018,0.0317500
26 Apr 2018,0.0320700
27 Apr 2018,0.0313800
30 Apr 2018,0.0312600
1 May 2018,0.0316700
2 May 2018,0.0311600
3 May 2018,0.0308000
4 May 2018,0.0306000
7 May 2018,0.0308900
8 May 2018,0.0308100
9 May 2018,0.0308200
10 May 2018,0.0315800
11 May 2018,0.0315400
14 May 2018,0.0319200
15 May 2018,0.0318700
16 May 2018,0.0316800
17 May 2018,0.0322300
18 May 2018,0.0321500
21 May 2018,0.0318300
22 May 2018,0.0327900
23 May 2018,0.0330000
24 May 2018,0.0331800
25 May 2018,0.0330900
28 May 2018,0.0330900
29 May 2018,0.0324200
30 May 2018,0.0322200
31 May 2018,0.0329700
1 Jun 2018,0.0330900
4 Jun 2018,0.0327300
5 Jun 2018,0.0322800
6 Jun 2018,0.0323500
7 Jun 2018,0.0327300
8 Jun 2018,0.0322700
11 Jun 2018,0.0328200
12 Jun 2018,0.0327200
13 Jun 2018,0.0329300
14 Jun 2018,0.0331000
15 Jun 2018,0.0337300
18 Jun 2018,0.0330700
19 Jun 2018,0.0325300
20 Jun 2018,0.0332100
21 Jun 2018,0.0332400
22 Jun 2018,0.0329400
25 Jun 2018,0.0326900
26 Jun 2018,0.0328000
27 Jun 2018,0.0332900
28 Jun 2018,0.0329300
29 Jun 2018,0.0327300
2 Jul 2018,0.0320900
3 Jul 2018,0.0321100
4 Jul 2018,0.0321100
5 Jul 2018,0.0317300
6 Jul 2018,0.0318900
9 Jul 2018,0.0315500
10 Jul 2018,0.0311200
11 Jul 2018,0.0315700
12 Jul 2018,0.0312200
13 Jul 2018,0.0307400
16 Jul 2018,0.0308100
17 Jul 2018,0.0305500
18 Jul 2018,0.0303500
19 Jul 2018,0.0308800
20 Jul 2018,0.0307900
23 Jul 2018,0.0304200
24 Jul 2018,0.0306900
25 Jul 2018,0.0311000
26 Jul 2018,0.0311800
27 Jul 2018,0.0314100
30 Jul 2018,0.0315800
31 Jul 2018,0.0314100
1 Aug 2018,0.0311400
2 Aug 2018,0.0318000
3 Aug 2018,0.0322200
6 Aug 2018,0.0323000
7 Aug 2018,0.0327100
8 Aug 2018,0.0333100
9 Aug 2018,0.0333600
10 Aug 2018,0.0332500
13 Aug 2018,0.0331200
14 Aug 2018,0.0334600
15 Aug 2018,0.0332800
16 Aug 2018,0.0328900
17 Aug 2018,0.0332900
20 Aug 2018,0.0330700
21 Aug 2018,0.0333500
22 Aug 2018,0.0331700
23 Aug 2018,0.0333000
24 Aug 2018,0.0328500
27 Aug 2018,0.0323300
28 Aug 2018,0.0320400
29 Aug 2018,0.0322300
30 Aug 2018,0.0323500
31 Aug 2018,0.0327800
3 Sep 2018,0.0327800
4 Sep 2018,0.0317000
5 Sep 2018,0.0313700
6 Sep 2018,0.0311300
7 Sep 2018,0.0311200
10 Sep 2018,0.0313200
11 Sep 2018,0.0315400
12 Sep 2018,0.0314600
13 Sep 2018,0.0312400
14 Sep 2018,0.0306900
17 Sep 2018,0.0310000
18 Sep 2018,0.0323100
19 Sep 2018,0.0321600
20 Sep 2018,0.0330700
21 Sep 2018,0.0331900
24 Sep 2018,0.0338000
25 Sep 2018,0.0341200
26 Sep 2018,0.0332600
27 Sep 2018,0.0341100
28 Sep 2018,0.0335700
1 Oct 2018,0.0345300
2 Oct 2018,0.0353400
3 Oct 2018,0.0360500
4 Oct 2018,0.0353300
5 Oct 2018,0.0350900
8 Oct 2018,0.0363600
9 Oct 2018,0.0364800
10 Oct 2018,0.0368500
11 Oct 2018,0.0362600
12 Oct 2018,0.0357600
15 Oct 2018,0.0366600
16 Oct 2018,0.0365000
17 Oct 2018,0.0372100
18 Oct 2018,0.0359800
19 Oct 2018,0.0366300
22 Oct 2018,0.0356000
23 Oct 2018,0.0362800
24 Oct 2018,0.0356000
25 Oct 2018,0.0359000
26 Oct 2018,0.0356100
29 Oct 2018,0.0352900
30 Oct 2018,0.0351100
31 Oct 2018,0.0357400
1 Nov 2018,0.0354500
2 Nov 2018,0.0358300
5 Nov 2018,0.0387000
6 Nov 2018,0.0387900
7 Nov 2018,0.0386400
8 Nov 2018,0.0384700
9 Nov 2018,0.0402900
12 Nov 2018,0.0411500
13 Nov 2018,0.0449000
14 Nov 2018,0.0530400
15 Nov 2018,0.0437800
16 Nov 2018,0.0464700
19 Nov 2018,0.0510300
20 Nov 2018,0.0489700
21 Nov 2018,0.0484900
22 Nov 2018,0.0484900
23 Nov 2018,0.0471700
26 Nov 2018,0.0465700
27 Nov 2018,0.0465000
28 Nov 2018,0.0509100
29 Nov 2018,0.0503400
30 Nov 2018,0.0499700
3 Dec 2018,0.0470100
4 Dec 2018,0.0482900
5 Dec 2018,0.0484300
6 Dec 2018,0.0468900
7 Dec 2018,0.0486400
10 Dec 2018,0.0491000
11 Dec 2018,0.0477500
12 Dec 2018,0.0452300
13 Dec 2018,0.0452300
14 Dec 2018,0.0423000
17 Dec 2018,0.0388100
18 Dec 2018,0.0417400
19 Dec 2018,0.0411300
20 Dec 2018,0.0396600
21 Dec 2018,0.0415900
24 Dec 2018,0.0382700
26 Dec 2018,0.0385300
27 Dec 2018,0.0393500
28 Dec 2018,0.0369500
31 Dec 2018,0.0334600
4 Jan 2019,0.0341000
7 Jan 2019,0.0334300
8 Jan 2019,0.0332900
9 Jan 2019,0.0333400
10 Jan 2019,0.0330300
11 Jan 2019,0.0345800
14 Jan 2019,0.0386200
15 Jan 2019,0.0381600
16 Jan 2019,0.0369600
17 Jan 2019,0.0372800
18 Jan 2019,0.0380500
21 Jan 2019,0.0380500
22 Jan 2019,0.0349100
23 Jan 2019,0.0343300
24 Jan 2019,0.0352200
25 Jan 2019,0.0360900
28 Jan 2019,0.0337600
29 Jan 2019,0.0341100
30 Jan 2019,0.0335400
31 Jan 2019,0.0330700
1 Feb 2019,0.0321300
4 Feb 2019,0.0312600
5 Feb 2019,0.0312900
6 Feb 2019,0.0312900
7 Feb 2019,0.0299900
8 Feb 2019,0.0303600
11 Feb 2019,0.0310200
12 Feb 2019,0.0315500
13 Feb 2019,0.0305600
14 Feb 2019,0.0304100
15 Feb 2019,0.0309100
18 Feb 2019,0.0309100
19 Feb 2019,0.0313600
20 Feb 2019,0.0310400
21 Feb 2019,0.0316300
22 Feb 2019,0.0318000
25 Feb 2019,0.0325800
26 Feb 2019,0.0324000
27 Feb 2019,0.0324300
28 Feb 2019,0.0325500
1 Mar 2019,0.0330100
4 Mar 2019,0.0329400
5 Mar 2019,0.0332600
6 Mar 2019,0.0328600
7 Mar 2019,0.0331200
8 Mar 2019,0.0331000
11 Mar 2019,0.0321200
12 Mar 2019,0.0322600
13 Mar 2019,0.0326900
14 Mar 2019,0.0329900
15 Mar 2019,0.0323200
18 Mar 2019,0.0329500
19 Mar 2019,0.0331300
20 Mar 2019,0.0325900
21 Mar 2019,0.0326200
22 Mar 2019,0.0319300
25 Mar 2019,0.0320100
26 Mar 2019,0.0317500
27 Mar 2019,0.0313800
28 Mar 2019,0.0313000
29 Mar 2019,0.0307300
1 Apr 2019,0.0312600
2 Apr 2019,0.0309800
3 Apr 2019,0.0309000
4 Apr 2019,0.0305100
5 Apr 2019,0.0307600
8 Apr 2019,0.0312600
9 Apr 2019,0.0311600
10 Apr 2019,0.0311900
11 Apr 2019,0.0307900
12 Apr 2019,0.0307700
15 Apr 2019,0.0300200
16 Apr 2019,0.0298500
17 Apr 2019,0.0292100
18 Apr 2019,0.0289400
22 Apr 2019,0.0291300
23 Apr 2019,0.0284800
24 Apr 2019,0.0284900
25 Apr 2019,0.0289800
26 Apr 2019,0.0293000
29 Apr 2019,0.0294100
30 Apr 2019,0.0291500
1 May 2019,0.0296100
2 May 2019,0.0292400
3 May 2019,0.0289700
6 May 2019,0.0285300
7 May 2019,0.0286700
8 May 2019,0.0294900
9 May 2019,0.0293200
10 May 2019,0.0295900
13 May 2019,0.0295700
14 May 2019,0.0299700
15 May 2019,0.0293600
16 May 2019,0.0298100
17 May 2019,0.0297000
20 May 2019,0.0300900
21 May 2019,0.0294400
22 May 2019,0.0285300
23 May 2019,0.0289000
24 May 2019,0.0291200
27 May 2019,0.0291200
28 May 2019,0.0288200
29 May 2019,0.0292600
30 May 2019,0.0284100
31 May 2019,0.0273700
3 Jun 2019,0.0268000
4 Jun 2019,0.0269500
5 Jun 2019,0.0265300
6 Jun 2019,0.0259300
7 Jun 2019,0.0260700
10 Jun 2019,0.0262900
11 Jun 2019,0.0267600
12 Jun 2019,0.0266300
14 Jun 2019,0.0266800
17 Jun 2019,0.0265500
18 Jun 2019,0.0258400
19 Jun 2019,0.0252600
20 Jun 2019,0.0241500
21 Jun 2019,0.0241200
24 Jun 2019,0.0253900
25 Jun 2019,0.0254400
26 Jun 2019,0.0252600
27 Jun 2019,0.0258700
28 Jun 2019,0.0256900
1 Jul 2019,0.0252400
2 Jul 2019,0.0249600
3 Jul 2019,0.0254800
4 Jul 2019,0.0254800
5 Jul 2019,0.0269000
8 Jul 2019,0.0268400
9 Jul 2019,0.0272100
10 Jul 2019,0.0274000
11 Jul 2019,0.0270400
12 Jul 2019,0.0274100
15 Jul 2019,0.0268700
16 Jul 2019,0.0257500
17 Jul 2019,0.0256600
18 Jul 2019,0.0254900
19 Jul 2019,0.0251000
22 Jul 2019,0.0258300
23 Jul 2019,0.0256300
24 Jul 2019,0.0248100
25 Jul 2019,0.0250900
26 Jul 2019,0.0242200
29 Jul 2019,0.0238400
30 Jul 2019,0.0240800
31 Jul 2019,0.0251600
1 Aug 2019,0.0248100
2 Aug 2019,0.0239000
5 Aug 2019,0.0233300
6 Aug 2019,0.0237900
7 Aug 2019,0.0234800
8 Aug 2019,0.0239800
9 Aug 2019,0.0238600
12 Aug 2019,0.0236700
13 Aug 2019,0.0240900
14 Aug 2019,0.0240500
15 Aug 2019,0.0248700
16 Aug 2019,0.0245300
19 Aug 2019,0.0245200
20 Aug 2019,0.0246000
21 Aug 2019,0.0241700
22 Aug 2019,0.0239900
23 Aug 2019,0.0238800
26 Aug 2019,0.0246700
27 Aug 2019,0.0242400
28 Aug 2019,0.0245500
29 Aug 2019,0.0252900
30 Aug 2019,0.0250900
2 Sep 2019,0.0250900
3 Sep 2019,0.0258800
4 Sep 2019,0.0269100
5 Sep 2019,0.0269000
6 Sep 2019,0.0275500
9 Sep 2019,0.0283500
10 Sep 2019,0.0283000
11 Sep 2019,0.0279600
12 Sep 2019,0.0281400
13 Sep 2019,0.0286600
16 Sep 2019,0.0294400
17 Sep 2019,0.0291700
18 Sep 2019,0.0287900
19 Sep 2019,0.0277500
20 Sep 2019,0.0276000
23 Sep 2019,0.0276000
24 Sep 2019,0.0272800
25 Sep 2019,0.0272100
26 Sep 2019,0.0264000
27 Sep 2019,0.0259800
30 Sep 2019,0.0251800
1 Oct 2019,0.0246700
2 Oct 2019,0.0242800
3 Oct 2019,0.0251700
4 Oct 2019,0.0254200
7 Oct 2019,0.0248900
8 Oct 2019,0.0247500
9 Oct 2019,0.0241900
10 Oct 2019,0.0240100
11 Oct 2019,0.0243400
14 Oct 2019,0.0246300
15 Oct 2019,0.0248600
16 Oct 2019,0.0245400
17 Oct 2019,0.0247400
18 Oct 2019,0.0247500
21 Oct 2019,0.0241100
22 Oct 2019,0.0241300
23 Oct 2019,0.0237900
24 Oct 2019,0.0241200
25 Oct 2019,0.0240600
28 Oct 2019,0.0248700
29 Oct 2019,0.0255900
30 Oct 2019,0.0261300
31 Oct 2019,0.0256700
1 Nov 2019,0.0263300
4 Nov 2019,0.0272300
5 Nov 2019,0.0276300
6 Nov 2019,0.0273200
7 Nov 2019,0.0268700
8 Nov 2019,0.0270000
11 Nov 2019,0.0256400
12 Nov 2019,0.0255100
13 Nov 2019,0.0253000
14 Nov 2019,0.0255500
15 Nov 2019,0.0258500
18 Nov 2019,0.0247200
19 Nov 2019,0.0242100
20 Nov 2019,0.0245400
21 Nov 2019,0.0246500
22 Nov 2019,0.0254700
25 Nov 2019,0.0242900
26 Nov 2019,0.0238100
27 Nov 2019,0.0235100
28 Nov 2019,0.0235100
29 Nov 2019,0.0214400
2 Dec 2019,0.0218900
3 Dec 2019,0.0229500
4 Dec 2019,0.0225500
5 Dec 2019,0.0228200
6 Dec 2019,0.0219400
9 Dec 2019,0.0210700
10 Dec 2019,0.0213400
11 Dec 2019,0.0211600
12 Dec 2019,0.0218700
13 Dec 2019,0.0214500
16 Dec 2019,0.0218100
17 Dec 2019,0.0216100
18 Dec 2019,0.0212900
19 Dec 2019,0.0212500
20 Dec 2019,0.0215700
23 Dec 2019,0.0208600
24 Dec 2019,0.0205900
26 Dec 2019,0.0213100
27 Dec 2019,0.0209300
30 Dec 2019,0.0207800
31 Dec 2019,0.0207900
2 Jan 2020,0.0201600
3 Jan 2020,0.0203400
6 Jan 2020,0.0205600
7 Jan 2020,0.0207400
8 Jan 2020,0.0205600
9 Jan 2020,0.0206900
10 Jan 2020,0.0208800
13 Jan 2020,0.0207900
14 Jan 2020,0.0207200
15 Jan 2020,0.0200700
16 Jan 2020,0.0197100
17 Jan 2020,0.0191200
20 Jan 2020,0.0191200
21 Jan 2020,0.0182000
22 Jan 2020,0.0183100
23 Jan 2020,0.0183400
24 Jan 2020,0.0180200
27 Jan 2020,0.0180900
28 Jan 2020,0.0183800
29 Jan 2020,0.0179700
30 Jan 2020,0.0176200
31 Jan 2020,0.0177400
3 Feb 2020,0.0175300
4 Feb 2020,0.0180400
5 Feb 2020,0.0179300
6 Feb 2020,0.0179400
7 Feb 2020,0.0179100
10 Feb 2020,0.0170500
11 Feb 2020,0.0172200
12 Feb 2020,0.0176900
13 Feb 2020,0.0175400
14 Feb 2020,0.0174600
17 Feb 2020,0.0174600
18 Feb 2020,0.0184000
19 Feb 2020,0.0184100
20 Feb 2020,0.0181000
21 Feb 2020,0.0179700
24 Feb 2020,0.0173300
25 Feb 2020,0.0173900
26 Feb 2020,0.0172400
27 Feb 2020,0.0165100
28 Feb 2020,0.0158900
2 Mar 2020,0.0164800
3 Mar 2020,0.0168600
4 Mar 2020,0.0171100
5 Mar 2020,0.0166300
6 Mar 2020,0.0160300
9 Mar 2020,0.0166800
10 Mar 2020,0.0182100
11 Mar 2020,0.0176200
12 Mar 2020,0.0172900
13 Mar 2020,0.0174400
16 Mar 2020,0.0170000
17 Mar 2020,0.0162200
18 Mar 2020,0.0151100
19 Mar 2020,0.0158300
20 Mar 2020,0.0153600
23 Mar 2020,0.0153400
24 Mar 2020,0.0158500
25 Mar 2020,0.0157200
26 Mar 2020,0.0154900
27 Mar 2020,0.0153200
30 Mar 2020,0.0154900
31 Mar 2020,0.0150400
1 Apr 2020,0.0145500
2 Apr 2020,0.0142300
3 Apr 2020,0.0148600
6 Apr 2020,0.0158700
7 Apr 2020,0.0169800
8 Apr 2020,0.0164600
9 Apr 2020,0.0162300
13 Apr 2020,0.0162900
14 Apr 2020,0.0158300
15 Apr 2020,0.0152000
16 Apr 2020,0.0159000
17 Apr 2020,0.0162000
20 Apr 2020,0.0174300
21 Apr 2020,0.0169900
22 Apr 2020,0.0174700
23 Apr 2020,0.0168300
24 Apr 2020,0.0166200
27 Apr 2020,0.0168200
28 Apr 2020,0.0169500
29 Apr 2020,0.0163300
30 Apr 2020,0.0169500
1 May 2020,0.0166600
4 May 2020,0.0174100
5 May 2020,0.0180500
6 May 2020,0.0169500
7 May 2020,0.0166100
8 May 2020,0.0162200
11 May 2020,0.0162800
12 May 2020,0.0153400
13 May 2020,0.0144900
14 May 2020,0.0147100
15 May 2020,0.0143100
18 May 2020,0.0152900
19 May 2020,0.0154900
20 May 2020,0.0149000
21 May 2020,0.0144500
22 May 2020,0.0146800
26 May 2020,0.0151800
27 May 2020,0.0147200
28 May 2020,0.0142600
29 May 2020,0.0144300
1 Jun 2020,0.0138400
2 Jun 2020,0.0138700
3 Jun 2020,0.0142100
4 Jun 2020,0.0142200
5 Jun 2020,0.0139000
8 Jun 2020,0.0139500
9 Jun 2020,0.0137700
10 Jun 2020,0.0138400
11 Jun 2020,0.0140500
12 Jun 2020,0.0134100
15 Jun 2020,0.0130500
16 Jun 2020,0.0126300
17 Jun 2020,0.0128300
18 Jun 2020,0.0128300
19 Jun 2020,0.0129400
22 Jun 2020,0.0128500
23 Jun 2020,0.0125100
24 Jun 2020,0.0123900
25 Jun 2020,0.0115900
26 Jun 2020,0.0115400
29 Jun 2020,0.0126100
30 Jun 2020,0.0128600
1 Jul 2020,0.0123700
2 Jul 2020,0.0128300
3 Jul 2020,0.0128300
6 Jul 2020,0.0136100
7 Jul 2020,0.0139400
8 Jul 2020,0.0134800
9 Jul 2020,0.0130900
10 Jul 2020,0.0132700
13 Jul 2020,0.0129100
14 Jul 2020,0.0128400
15 Jul 2020,0.0130600
16 Jul 2020,0.0127600
17 Jul 2020,0.0126800
20 Jul 2020,0.0121000
21 Jul 2020,0.0123200
22 Jul 2020,0.0123400
23 Jul 2020,0.0131800
24 Jul 2020,0.0134100
27 Jul 2020,0.0128300
28 Jul 2020,0.0133900
29 Jul 2020,0.0138600
30 Jul 2020,0.0131400
31 Jul 2020,0.0129200
3 Aug 2020,0.0150900
4 Aug 2020,0.0157500
5 Aug 2020,0.0157400
6 Aug 2020,0.0155500
7 Aug 2020,0.0160700
10 Aug 2020,0.0154900
11 Aug 2020,0.0156400
12 Aug 2020,0.0156000
13 Aug 2020,0.0157700
14 Aug 2020,0.0164200
17 Aug 2020,0.0163800
18 Aug 2020,0.0167700
19 Aug 2020,0.0167600
20 Aug 2020,0.0165100
21 Aug 2020,0.0167400
24 Aug 2020,0.0167900
25 Aug 2020,0.0166600
26 Aug 2020,0.0165000
27 Aug 2020,0.0171900
28 Aug 2020,0.0170300
31 Aug 2020,0.0170500
1 Sep 2020,0.0169400
2 Sep 2020,0.0171200
3 Sep 2020,0.0170900
4 Sep 2020,0.0174400
7 Sep 2020,0.0174400
8 Sep 2020,0.0168900
9 Sep 2020,0.0167800
10 Sep 2020,0.0163400
11 Sep 2020,0.0160200
14 Sep 2020,0.0160000
15 Sep 2020,0.0160000
16 Sep 2020,0.0155500
17 Sep 2020,0.0150400
18 Sep 2020,0.0153700
21 Sep 2020,0.0158200
22 Sep 2020,0.0151600
23 Sep 2020,0.0163100
24 Sep 2020,0.0169200
25 Sep 2020,0.0163800
28 Sep 2020,0.0163100
29 Sep 2020,0.0149500
30 Sep 2020,0.0147500
1 Oct 2020,0.0147500
2 Oct 2020,0.0142300
5 Oct 2020,0.0152600
6 Oct 2020,0.0147000
7 Oct 2020,0.0152100
8 Oct 2020,0.0153000
9 Oct 2020,0.0157700
12 Oct 2020,0.0162100
13 Oct 2020,0.0161000
14 Oct 2020,0.0158800
15 Oct 2020,0.0161800
16 Oct 2020,0.0162200
19 Oct 2020,0.0162700
20 Oct 2020,0.0161600
21 Oct 2020,0.0165400
22 Oct 2020,0.0161800
23 Oct 2020,0.0158200
26 Oct 2020,0.0160600
27 Oct 2020,0.0163100
28 Oct 2020,0.0162500
29 Oct 2020,0.0162700
30 Oct 2020,0.0165200
2 Nov 2020,0.0160700
3 Nov 2020,0.0152200
4 Nov 2020,0.0151300
5 Nov 2020,0.0146900
6 Nov 2020,0.0144300
9 Nov 2020,0.0142800
10 Nov 2020,0.0146300
11 Nov 2020,0.0150000
12 Nov 2020,0.0147300
13 Nov 2020,0.0148600
16 Nov 2020,0.0136400
17 Nov 2020,0.0135400
18 Nov 2020,0.0135100
19 Nov 2020,0.0129500
20 Nov 2020,0.0131900
23 Nov 2020,0.0134400
24 Nov 2020,0.0138000
25 Nov 2020,0.0140900
26 Nov 2020,0.0140900
27 Nov 2020,0.0135300
30 Nov 2020,0.0137200
1 Dec 2020,0.0137100
2 Dec 2020,0.0132300
3 Dec 2020,0.0119300
4 Dec 2020,0.0122500
7 Dec 2020,0.0114500
8 Dec 2020,0.0114100
9 Dec 2020,0.0115900
10 Dec 2020,0.0121200
11 Dec 2020,0.0122800
14 Dec 2020,0.0125800
15 Dec 2020,0.0125900
16 Dec 2020,0.0126000
17 Dec 2020,0.0123800
18 Dec 2020,0.0125900
21 Dec 2020,0.0126200
22 Dec 2020,0.0128900
23 Dec 2020,0.0121500
24 Dec 2020,0.0118100
28 Dec 2020,0.0110100
29 Dec 2020,0.0115300
30 Dec 2020,0.0114500
31 Dec 2020,0.0119400
4 Jan 2021,0.0121000
5 Jan 2021,0.0126300
6 Jan 2021,0.0126800
7 Jan 2021,0.0127200
8 Jan 2021,0.0125500
11 Jan 2021,0.0127700
12 Jan 2021,0.0127900
13 Jan 2021,0.0127100
14 Jan 2021,0.0124300
15 Jan 2021,0.0127400
18 Jan 2021,0.0127400
19 Jan 2021,0.0119500
20 Jan 2021,0.0119700
21 Jan 2021,0.0118000
22 Jan 2021,0.0116000
25 Jan 2021,0.0122700
26 Jan 2021,0.0124500
27 Jan 2021,0.0127600
28 Jan 2021,0.0125800
29 Jan 2021,0.0121100
1 Feb 2021,0.0134600
2 Feb 2021,0.0134400
3 Feb 2021,0.0131700
4 Feb 2021,0.0138600
5 Feb 2021,0.0135200
8 Feb 2021,0.0136100
9 Feb 2021,0.0134200
10 Feb 2021,0.0137000
11 Feb 2021,0.0134900
12 Feb 2021,0.0136600
15 Feb 2021,0.0136600
16 Feb 2021,0.0141100
17 Feb 2021,0.0143200
18 Feb 2021,0.0140200
19 Feb 2021,0.0141300
22 Feb 2021,0.0139400
23 Feb 2021,0.0135800
24 Feb 2021,0.0132900
25 Feb 2021,0.0132300
26 Feb 2021,0.0132200
1 Mar 2021,0.0132700
2 Mar 2021,0.0135300
3 Mar 2021,0.0134100
4 Mar 2021,0.0130900
5 Mar 2021,0.0128900
8 Mar 2021,0.0127000
9 Mar 2021,0.0126900
10 Mar 2021,0.0128400
11 Mar 2021,0.0127200
12 Mar 2021,0.0124100
15 Mar 2021,0.0118700
16 Mar 2021,0.0122200
17 Mar 2021,0.0120200
18 Mar 2021,0.0118200
19 Mar 2021,0.0120700
22 Mar 2021,0.0123200
23 Mar 2021,0.0120200
24 Mar 2021,0.0120800
25 Mar 2021,0.0123100
26 Mar 2021,0.0123200
29 Mar 2021,0.0124800
30 Mar 2021,0.0123400
31 Mar 2021,0.0122700
1 Apr 2021,0.0124100
5 Apr 2021,0.0118100
6 Apr 2021,0.0115500
7 Apr 2021,0.0118500
7 Apr 2021,0.0118500
8 Apr 2021,0.0118600
9 Apr 2021,0.0118800
12 Apr 2021,0.0120400
13 Apr 2021,0.0122800
14 Apr 2021,0.0122600
15 Apr 2021,0.0124000
16 Apr 2021,0.0125000
19 Apr 2021,0.0127500
20 Apr 2021,0.0127000
21 Apr 2021,0.0125800
22 Apr 2021,0.0128000
23 Apr 2021,0.0127400
26 Apr 2021,0.0129700
27 Apr 2021,0.0132300
28 Apr 2021,0.0133000
29 Apr 2021,0.0130800
30 Apr 2021,0.0131500
3 May 2021,0.0133100
4 May 2021,0.0133000
5 May 2021,0.0131700
6 May 2021,0.0131400
7 May 2021,0.0132700
10 May 2021,0.0131500
11 May 2021,0.0132400
12 May 2021,0.0133300
13 May 2021,0.0133600
14 May 2021,0.0133300
17 May 2021,0.0139700
18 May 2021,0.0135900
19 May 2021,0.0133700
20 May 2021,0.0132100
21 May 2021,0.0131400
24 May 2021,0.0130700
25 May 2021,0.0131300
26 May 2021,0.0133600
27 May 2021,0.0130600
28 May 2021,0.0131800
1 Jun 2021,0.0137000
2 Jun 2021,0.0135700
3 Jun 2021,0.0134200
4 Jun 2021,0.0136700
7 Jun 2021,0.0135500
8 Jun 2021,0.0138000
9 Jun 2021,0.0138100
10 Jun 2021,0.0139000
11 Jun 2021,0.0145300
14 Jun 2021,0.0147600
15 Jun 2021,0.0142800
16 Jun 2021,0.0143400
18 Jun 2021,0.0141800
21 Jun 2021,0.0140900
22 Jun 2021,0.0143600
23 Jun 2021,0.0146700
24 Jun 2021,0.0150300
25 Jun 2021,0.0154000
28 Jun 2021,0.0157200
29 Jun 2021,0.0158700
30 Jun 2021,0.0159400
1 Jul 2021,0.0159800
2 Jul 2021,0.0161400
5 Jul 2021,0.0161400
6 Jul 2021,0.0158700
7 Jul 2021,0.0157200
8 Jul 2021,0.0161300
9 Jul 2021,0.0160900
12 Jul 2021,0.0164100
13 Jul 2021,0.0161900
14 Jul 2021,0.0160400
15 Jul 2021,0.0158400
16 Jul 2021,0.0160900
19 Jul 2021,0.0165100
20 Jul 2021,0.0169400
21 Jul 2021,0.0173200
22 Jul 2021,0.0175100
23 Jul 2021,0.0177700
26 Jul 2021,0.0179500
27 Jul 2021,0.0173300
28 Jul 2021,0.0174400
29 Jul 2021,0.0178400
30 Jul 2021,0.0172100
2 Aug 2021,0.0173000
3 Aug 2021,0.0177000
4 Aug 2021,0.0182800
5 Aug 2021,0.0182000
6 Aug 2021,0.0182000
9 Aug 2021,0.0178500
10 Aug 2021,0.0179700
11 Aug 2021,0.0178500
12 Aug 2021,0.0173100
13 Aug 2021,0.0170000
16 Aug 2021,0.0173600
17 Aug 2021,0.0169000
18 Aug 2021,0.0169600
19 Aug 2021,0.0168300
20 Aug 2021,0.0169300
23 Aug 2021,0.0173200
24 Aug 2021,0.0171400
25 Aug 2021,0.0172000
26 Aug 2021,0.0183400
27 Aug 2021,0.0190800
30 Aug 2021,0.0187600
31 Aug 2021,0.0190500
1 Sep 2021,0.0200700
2 Sep 2021,0.0201900
3 Sep 2021,0.0204900
6 Sep 2021,0.0204900
7 Sep 2021,0.0198600
8 Sep 2021,0.0213500
9 Sep 2021,0.0218200
10 Sep 2021,0.0214000
13 Sep 2021,0.0226900
14 Sep 2021,0.0228200
15 Sep 2021,0.0236900
16 Sep 2021,0.0231500
17 Sep 2021,0.0221400
20 Sep 2021,0.0216000
21 Sep 2021,0.0208300
22 Sep 2021,0.0208800
23 Sep 2021,0.0216900
24 Sep 2021,0.0223700
27 Sep 2021,0.0246500
28 Sep 2021,0.0252900
29 Sep 2021,0.0235500
30 Sep 2021,0.0252300
1 Oct 2021,0.0241600
4 Oct 2021,0.0247900
5 Oct 2021,0.0271400
6 Oct 2021,0.0244000
7 Oct 2021,0.0244100
8 Oct 2021,0.0239400
11 Oct 2021,0.0230200
12 Oct 2021,0.0237000
13 Oct 2021,0.0240800
14 Oct 2021,0.0244200
15 Oct 2021,0.0234800
18 Oct 2021,0.0219900
19 Oct 2021,0.0224800
20 Oct 2021,0.0228800
21 Oct 2021,0.0224600
22 Oct 2021,0.0228900
25 Oct 2021,0.0252900
26 Oct 2021,0.0250600
27 Oct 2021,0.0258100
28 Oct 2021,0.0241400
29 Oct 2021,0.0227300
1 Nov 2021,0.0218100
2 Nov 2021,0.0231900
3 Nov 2021,0.0237700
4 Nov 2021,0.0239500
5 Nov 2021,0.0231300
8 Nov 2021,0.0226300
9 Nov 2021,0.0208400
10 Nov 2021,0.0204500
11 Nov 2021,0.0215600
12 Nov 2021,0.0200600
15 Nov 2021,0.0209800
16 Nov 2021,0.0216600
17 Nov 2021,0.0202000
18 Nov 2021,0.0205300
19 Nov 2021,0.0211400
22 Nov 2021,0.0199800
23 Nov 2021,0.0206900
24 Nov 2021,0.0210200
25 Nov 2021,0.0210100
26 Nov 2021,0.0225000
29 Nov 2021,0.0199400
30 Nov 2021,0.0187600
1 Dec 2021,0.0174900
2 Dec 2021,0.0166600
3 Dec 2021,0.0169700
6 Dec 2021,0.0150200
7 Dec 2021,0.0152300
8 Dec 2021,0.0156500
9 Dec 2021,0.0156900
10 Dec 2021,0.0161300
13 Dec 2021,0.0156300
14 Dec 2021,0.0154000
15 Dec 2021,0.0156100
16 Dec 2021,0.0154000
17 Dec 2021,0.0150400
20 Dec 2021,0.0155000
21 Dec 2021,0.0155100
22 Dec 2021,0.0158000
23 Dec 2021,0.0149500
24 Dec 2021,0.0149500
27 Dec 2021,0.0160900
28 Dec 2021,0.0159200
29 Dec 2021,0.0157200
30 Dec 2021,0.0146100
31 Dec 2021,0.0151300
3 Jan 2022,0.0156400
4 Jan 2022,0.0152400
5 Jan 2022,0.0157800
6 Jan 2022,0.0156100
7 Jan 2022,0.0158500
10 Jan 2022,0.0163100
11 Jan 2022,0.0168700
12 Jan 2022,0.0184000
13 Jan 2022,0.0170300
14 Jan 2022,0.0173500
17 Jan 2022,0.0173500
18 Jan 2022,0.0172100
19 Jan 2022,0.0163500
20 Jan 2022,0.0155100
21 Jan 2022,0.0160800
24 Jan 2022,0.0164700
25 Jan 2022,0.0165500
26 Jan 2022,0.0171600
27 Jan 2022,0.0182100
28 Jan 2022,0.0197200
31 Jan 2022,0.0207200
1 Feb 2022,0.0201900
2 Feb 2022,0.0233800
3 Feb 2022,0.0207700
4 Feb 2022,0.0194300
7 Feb 2022,0.0179800
8 Feb 2022,0.0180600
9 Feb 2022,0.0170500
10 Feb 2022,0.0168800
11 Feb 2022,0.0168400
14 Feb 2022,0.0177700
15 Feb 2022,0.0181000
16 Feb 2022,0.0194300
17 Feb 2022,0.0188900
18 Feb 2022,0.0186500
21 Feb 2022,0.0186500
22 Feb 2022,0.0190100
23 Feb 2022,0.0195300
24 Feb 2022,0.0197400
25 Feb 2022,0.0190200
28 Feb 2022,0.0187400
1 Mar 2022,0.0194900
2 Mar 2022,0.0203000
3 Mar 2022,0.0200800
4 Mar 2022,0.0213500
7 Mar 2022,0.0205900
8 Mar 2022,0.0193400
9 Mar 2022,0.0193300
10 Mar 2022,0.0197900
11 Mar 2022,0.0202000
14 Mar 2022,0.0199300
15 Mar 2022,0.0195700
16 Mar 2022,0.0202800
17 Mar 2022,0.0212800
18 Mar 2022,0.0207700
21 Mar 2022,0.0209100
22 Mar 2022,0.0221500
23 Mar 2022,0.0223500
24 Mar 2022,0.0230700
25 Mar 2022,0.0237700
28 Mar 2022,0.0234600
29 Mar 2022,0.0225800
30 Mar 2022,0.0237500
31 Mar 2022,0.0239000
1 Apr 2022,0.0242300
4 Apr 2022,0.0242000
5 Apr 2022,0.0255500
6 Apr 2022,0.0255400
7 Apr 2022,0.0269300
8 Apr 2022,0.0265900
11 Apr 2022,0.0281300
12 Apr 2022,0.0282900
13 Apr 2022,0.0297000
14 Apr 2022,0.0310600
18 Apr 2022,0.0333000
19 Apr 2022,0.0304400
20 Apr 2022,0.0296300
21 Apr 2022,0.0297600
22 Apr 2022,0.0279600
25 Apr 2022,0.0285300
26 Apr 2022,0.0292600
27 Apr 2022,0.0307800
28 Apr 2022,0.0289500
29 Apr 2022,0.0304400
2 May 2022,0.0313200
3 May 2022,0.0332100
4 May 2022,0.0350600
5 May 2022,0.0365900
6 May 2022,0.0336400
9 May 2022,0.0294100
10 May 2022,0.0309000
11 May 2022,0.0319800
12 May 2022,0.0324200
13 May 2022,0.0321300
16 May 2022,0.0333200
17 May 2022,0.0347300
18 May 2022,0.0349900
19 May 2022,0.0347600
20 May 2022,0.0338400
23 May 2022,0.0365200
24 May 2022,0.0365600
25 May 2022,0.0372100
26 May 2022,0.0368000
27 May 2022,0.0361000
30 May 2022,0.0361000
31 May 2022,0.0336900
1 Jun 2022,0.0359700
2 Jun 2022,0.0351000
3 Jun 2022,0.0352600
6 Jun 2022,0.0385600
7 Jun 2022,0.0384400
8 Jun 2022,0.0359900
9 Jun 2022,0.0371600
10 Jun 2022,0.0366900
13 Jun 2022,0.0356500
14 Jun 2022,0.0297200
15 Jun 2022,0.0305800
16 Jun 2022,0.0306700
17 Jun 2022,0.0284600
20 Jun 2022,0.0284600
21 Jun 2022,0.0279800
22 Jun 2022,0.0283600
23 Jun 2022,0.0260500
24 Jun 2022,0.0259600
27 Jun 2022,0.0271300
28 Jun 2022,0.0272000
29 Jun 2022,0.0269400
30 Jun 2022,0.0223700
1 Jul 2022,0.0237000
4 Jul 2022,0.0237000
5 Jul 2022,0.0227600
6 Jul 2022,0.0227400
7 Jul 2022,0.0259800
8 Jul 2022,0.0247600
11 Jul 2022,0.0262200
12 Jul 2022,0.0249800
13 Jul 2022,0.0273400
14 Jul 2022,0.0270100
15 Jul 2022,0.0287400
18 Jul 2022,0.0306300
19 Jul 2022,0.0296700
20 Jul 2022,0.0327700
21 Jul 2022,0.0324300
22 Jul 2022,0.0340000
25 Jul 2022,0.0355600
26 Jul 2022,0.0366200
27 Jul 2022,0.0355000
28 Jul 2022,0.0337600
29 Jul 2022,0.0341500
1 Aug 2022,0.0343800
2 Aug 2022,0.0319800
3 Aug 2022,0.0343100
4 Aug 2022,0.0337100
5 Aug 2022,0.0334700
8 Aug 2022,0.0315100
9 Aug 2022,0.0325300
10 Aug 2022,0.0340600
11 Aug 2022,0.0368200
12 Aug 2022,0.0363100
15 Aug 2022,0.0362000
16 Aug 2022,0.0385900
17 Aug 2022,0.0382900
18 Aug 2022,0.0380700
19 Aug 2022,0.0386600
22 Aug 2022,0.0400000
23 Aug 2022,0.0380000
24 Aug 2022,0.0386000
25 Aug 2022,0.0388100
26 Aug 2022,0.0384500
29 Aug 2022,0.0387300
30 Aug 2022,0.0375100
31 Aug 2022,0.0378600
1 Sep 2022,0.0384500
2 Sep 2022,0.0364700
5 Sep 2022,0.0364700
6 Sep 2022,0.0338400
7 Sep 2022,0.0325600
8 Sep 2022,0.0328600
9 Sep 2022,0.0331600
12 Sep 2022,0.0341600
13 Sep 2022,0.0343500
14 Sep 2022,0.0377900
15 Sep 2022,0.0345200
16 Sep 2022,0.0322100
19 Sep 2022,0.0321800
20 Sep 2022,0.0320500
21 Sep 2022,0.0322800
22 Sep 2022,0.0296600
23 Sep 2022,0.0288400
26 Sep 2022,0.0289300
27 Sep 2022,0.0278800
28 Sep 2022,0.0286900
29 Sep 2022,0.0283600
30 Sep 2022,0.0279100
3 Oct 2022,0.0266900
4 Oct 2022,0.0282100
5 Oct 2022,0.0285900
6 Oct 2022,0.0287700
7 Oct 2022,0.0278500
10 Oct 2022,0.0266400
11 Oct 2022,0.0272500
12 Oct 2022,0.0266200
13 Oct 2022,0.0277600
14 Oct 2022,0.0270000
17 Oct 2022,0.0257400
18 Oct 2022,0.0248900
19 Oct 2022,0.0238200
20 Oct 2022,0.0234300
21 Oct 2022,0.0220600
24 Oct 2022,0.0231400
25 Oct 2022,0.0246500
26 Oct 2022,0.0245000
27 Oct 2022,0.0235400
28 Oct 2022,0.0228400
31 Oct 2022,0.0253500
1 Nov 2022,0.0233300
2 Nov 2022,0.0252800
3 Nov 2022,0.0242900
4 Nov 2022,0.0259200
7 Nov 2022,0.0278000
8 Nov 2022,0.0250400
9 Nov 2022,0.0239000
10 Nov 2022,0.0253900
11 Nov 2022,0.0240500
14 Nov 2022,0.0241900
15 Nov 2022,0.0245600
16 Nov 2022,0.0253700
17 Nov 2022,0.0259000
18 Nov 2022,0.0258000
21 Nov 2022,0.0277500
22 Nov 2022,0.0284500
23 Nov 2022,0.0296100
24 Nov 2022,0.0296200
25 Nov 2022,0.0281700
28 Nov 2022,0.0276600
29 Nov 2022,0.0278100
30 Nov 2022,0.0266400
1 Dec 2022,0.0259100
2 Dec 2022,0.0241500
5 Dec 2022,0.0214500
6 Dec 2022,0.0210300
7 Dec 2022,0.0220100
8 Dec 2022,0.0229000
9 Dec 2022,0.0239100
12 Dec 2022,0.0250100
13 Dec 2022,0.0262700
14 Dec 2022,0.0243200
15 Dec 2022,0.0251900
16 Dec 2022,0.0242400
19 Dec 2022,0.0227400
20 Dec 2022,0.0208600
21 Dec 2022,0.0208400
22 Dec 2022,0.0192000
23 Dec 2022,0.0191400
27 Dec 2022,0.0194100
28 Dec 2022,0.0181600
29 Dec 2022,0.0178300
30 Dec 2022,0.0177800